xml_file,wav_file,token_n,start,end,orth,ipa_gold,ipa_notone,ipa_full_normalized,changed,source_corpus
MYUC-1042.xml,MYUC-1042.wav,,4.411,7.144,meê nanî Guillermo Martínez López,mɛɛ̂ nanî gijermo mart̪ínɛs lópɛs,mɛɛ nani gijermo mart̪inɛs lopɛs,mɛɛ nani gijermo martinɛs lopɛs,yes,myuc-utterance
MYUC-1042.xml,MYUC-1042.wav,,7.147,8.571,ñuù yù kúu Yukúnanǐ,ɲuù jù kúu jukúnanǐ,ɲuu ju kuu jukunani,ɲuu ju kuu jukunani,yes,myuc-utterance
MYUC-1042.xml,MYUC-1042.wav,,9.087,13.302,cha ná ntakanì xóó luu nixi sáchúùn tsi ñùñǔ ñàà,tʃa ná nt̪akanì ʃóó lu niʃi sátʃṹũ̀ tsi ɲũ̀ɲũ̌ nn ɲàà,tʃa na nt̪akani ʃoo lu niʃi satʃũũ tsi ɲũɲũ nn ɲaa,t͡ʃa na ntakani ʃoo lu niʃi sat͡ʃũũ t͡si ɲũɲũ nn ɲaa,yes,myuc-utterance
MYUC-1042.xml,MYUC-1042.wav,,14.761,15.866,kú'mî,kúmî,kumi,kumi,yes,myuc-utterance
MYUC-1042.xml,MYUC-1042.wav,,15.944,17.886,kuàâ ùtsì ùtsì ni ñà,kwàâ ùtsì ùtsì ni ɲà,kwaa utsi utsi ni ɲa,kwaa ut͡si ut͡si ni ɲa,yes,myuc-utterance
MYUC-1042.xml,MYUC-1042.wav,,17.900,19.970,kájà ñùñǔ luu kú'mî kuě kuà'ǎ tí kú'mî teèn,kájà ɲũ̀ɲũ̌ lu kúmî kwɛ̌ kwà̰ǎ̰ t̪í kúmî dɛ̃̀,kaja ɲũɲũ lu kumi kwɛ kwa̰a̰ t̪i kumi dɛ̃,kaja ɲũɲũ lu kumi kwɛ kwa̰a̰ ti kumi dɛ̃,yes,myuc-utterance
MYUC-1042.xml,MYUC-1042.wav,,20.249,21.272,ná ntakanì xóó luu,ná nt̬akanì ʃóó luu,na nt̬akani ʃoo luu,na nt̬akani ʃoo luu,yes,myuc-utterance
MYUC-1042.xml,MYUC-1042.wav,,21.287,22.205,nchíì kúu ñà sá'à,ndʒíì wã́ã sáʔà,ndʒii wãã saʔa,nd͡ʒii wãã saʔa,yes,myuc-utterance
MYUC-1042.xml,MYUC-1042.wav,,22.238,23.185,nchíì kúu ñà sá'à,ndʒíì wã́ã sáʔà,ndʒii wãã saʔa,nd͡ʒii wãã saʔa,yes,myuc-utterance
MYUC-1042.xml,MYUC-1042.wav,,23.208,24.232,tsi ñàà,tsi ɲààà,tsi ɲaaa,t͡si ɲaaa,yes,myuc-utterance
MYUC-1042.xml,MYUC-1042.wav,,24.374,25.485,tsi ñùñǔ luu yó'o,tsi ɲũ̀ɲũ̌ lʎó,tsi ɲũɲũ lʎo,t͡si ɲũɲũ lʎo,yes,myuc-utterance
MYUC-1042.xml,MYUC-1042.wav,,25.624,26.909,kú'mî tǐ ra,kúmî t̪ǐ raaa,kumi t̪i raaa,kumi ti raaa,yes,myuc-utterance
MYUC-1042.xml,MYUC-1042.wav,,27.106,28.043,ñàà,ɲààà,ɲaaa,ɲaaa,yes,myuc-utterance
MYUC-1042.xml,MYUC-1042.wav,,28.054,29.351,tá kuìà tá kuìà ra,t̪á kwìà t̪á kwìà raaa,t̪a kwia t̪a kwia raaa,ta kwia ta kwia raaa,yes,myuc-utterance
MYUC-1042.xml,MYUC-1042.wav,,29.368,30.560,tavâ ntǔxì,t̬avâ nt̬ǔʃì,t̬ava nt̬uʃi,t̬ava nt̬uʃi,yes,myuc-utterance
MYUC-1042.xml,MYUC-1042.wav,,30.656,31.220,cha,tʃaaa,tʃaaa,t͡ʃaaa,no,myuc-utterance
MYUC-1042.xml,MYUC-1042.wav,,31.226,32.255,ntǔxì luu ka ra,nt̬ǔʃì lu k̬a ra,nt̬uʃi lu k̬a ra,nt̬uʃi lu k̬a ra,yes,myuc-utterance
MYUC-1042.xml,MYUC-1042.wav,,32.255,35.386,sava rá xíkò cha sava rá kí ntòo tsátsí kuê rǎ,sava rá ʃíkò dʒa sava rá kí nt̪òo tsátsí wɛ̂ rǎ,sava ra ʃiko dʒa sava ra ki nt̪oo tsatsi wɛ ra,sava ra ʃiko d͡ʒa sava ra ki ntoo t͡sat͡si wɛ ra,yes,myuc-utterance
MYUC-1042.xml,MYUC-1042.wav,,35.616,38.034,tsàà yachi níi kuìà ni,tsàà jatʃi ní kuìà ni,tsaa jatʃi ni kuia ni,t͡saa jat͡ʃi ni kuia ni,yes,myuc-utterance
MYUC-1042.xml,MYUC-1042.wav,,38.054,42.130,st.. stákoò kuà'ǎ rá tavà tsíǒ rá níi kuìà ni mímeé ntǔxì kúu ñàà,st stákoò kuàʔǎ rá t̬aβà tsíǒ rá ní kuìà ni mímɛɛ́ nt̬ǔʃì kú ɲàà,st stakoo kuaʔa ra t̬aβa tsio ra ni kuia ni mimɛɛ nt̬uʃi ku ɲaa,st stakoo kuaʔa ra t̬aβa t͡sio ra ni kuia ni mimɛɛ nt̬uʃi ku ɲaa,yes,myuc-utterance
MYUC-1042.xml,MYUC-1042.wav,,42.136,45.805,tsátsí kuê kǒo ko... kǒo kà iinkàâ ñàà,tsátsí wɛ̂ kǒo ko kǒ kà ĩŋk̬àâ ɲàà,tsatsi wɛ koo ko ko ka ĩŋk̬aa ɲaa,t͡sat͡si wɛ koo ko ko ka ĩŋk̬aa ɲaa,yes,myuc-utterance
MYUC-1042.xml,MYUC-1042.wav,,45.838,49.083,tsátsí vê ntǔxì ni kúu ñà chíkàà vê nùǔ ñàà,tsátsí vɛ̂ ndǔʃì ni wã́ã tʃíkàà vɛ̂ nũ̌ ɲã́ã́,tsatsi vɛ nduʃi ni wãã tʃikaa vɛ nũ ɲãã,t͡sat͡si vɛ nduʃi ni wãã t͡ʃikaa vɛ nũ ɲãã,yes,myuc-utterance
MYUC-1042.xml,MYUC-1042.wav,,49.083,53.677,á iin ñà ko'o vê á.... nchíì katsí vê ra meé soo ntǔxì tsáchúun vê ra,á ĩ́ĩ́ ɲà koʔo βɛ̂ á ndʒíì katsí βɛ̂ ra mɛɛ́ zo ndǔʃì tátʃṹũ wɛ̂ ra,a ĩĩ ɲa koʔo βɛ a ndʒii katsi βɛ ra mɛɛ zo nduʃi tatʃũũ wɛ ra,a ĩĩ ɲa koʔo βɛ a nd͡ʒii kat͡si βɛ ra mɛɛ zo nduʃi tat͡ʃũũ wɛ ra,yes,myuc-utterance
MYUC-1042.xml,MYUC-1042.wav,,53.677,57.177,ñàà tá tsàà na'á ntákani nà ñàà,ɲàà t̪á tsàà naʔá nt̬ákani nà ɲàà,ɲaa t̪a tsaa naʔa nt̬akani na ɲaa,ɲaa ta t͡saa naʔa nt̬akani na ɲaa,yes,myuc-utterance
MYUC-1042.xml,MYUC-1042.wav,,57.198,58.720,tá ntsìtavǎ nà ñàà,t̪á tzìt̪avǎ nà ɲàà,t̪a tzit̪ava na ɲaa,ta tzitava na ɲaa,yes,myuc-utterance
MYUC-1042.xml,MYUC-1042.wav,,58.720,61.755,ñùñǔ ka ra meé soo tìntò'ǒ luu ntsìtsǎchúun nà,ɲũ̀ɲũ̌ ɣa ra mɛɛ́ so t̪ìnt̪òʔǒ lu ntsìtsǎtʃṹũ nà,ɲũɲũ ɣa ra mɛɛ so t̪int̪oʔo lu ntsitsatʃũũ na,ɲũɲũ ɣa ra mɛɛ so tintoʔo lu nt͡sit͡sat͡ʃũũ na,yes,myuc-utterance
MYUC-1042.xml,MYUC-1042.wav,,61.762,63.495,chíkàà nà ñu'ù ra,tʃíkàà nà ɲũʔũ̀ ra,tʃikaa na ɲũʔũ ra,t͡ʃikaa na ɲũʔũ ra,yes,myuc-utterance
MYUC-1042.xml,MYUC-1042.wav,,63.507,67.368,chíkàà nà ñàà ñàà yuchí yútǔ,tʃíkàà nà ɲàà ɲàà jutʃí jút̪ǔ,tʃikaa na ɲaa ɲaa jutʃi jut̪u,t͡ʃikaa na ɲaa ɲaa jut͡ʃi jutu,yes,myuc-utterance
MYUC-1042.xml,MYUC-1042.wav,,67.410,70.118,á nchíì tâǎn nà jara ñà ka kúu ñà,á nndʒíì t̪ã̂ã̌ nà hara ɲà ka wã́ã,a nndʒii t̪ãã na hara ɲa ka wãã,a nnd͡ʒii tãã na hara ɲa ka wãã,yes,myuc-utterance
MYUC-1042.xml,MYUC-1042.wav,,70.514,71.963,saán kúu ñà ntsìtavǎ nà ntǔxì,saã́ wã́ã ntzìt̪aβǎ nà ndǔʃì,saã wãã ntzit̪aβa na nduʃi,saã wãã ntzitaβa na nduʃi,yes,myuc-utterance
MYUC-1042.xml,MYUC-1042.wav,,71.973,73.503,tá tsàà na'á cha vichi ra,t̪á tsàà naʔá tʃa vitʃi ra,t̪a tsaa naʔa tʃa vitʃi ra,ta t͡saa naʔa t͡ʃa vit͡ʃi ra,yes,myuc-utterance
MYUC-1042.xml,MYUC-1042.wav,,73.506,76.266,ntùu kue kàa ra ñǒ'o kúu ñà tsáchúun kuê ra,nt̪ùu wɛ kàa ra ɲǒo wã́ã tsátʃṹũ wɛ̂ ra,nt̪uu wɛ kaa ra ɲoo wãã tsatʃũũ wɛ ra,ntuu wɛ kaa ra ɲoo wãã t͡sat͡ʃũũ wɛ ra,yes,myuc-utterance
MYUC-1042.xml,MYUC-1042.wav,,76.279,78.582,ñà ka kúu ñà ñàà,ɲà wã́ã ɲàà,ɲa wãã ɲaa,ɲa wãã ɲaa,yes,myuc-utterance
MYUC-1042.xml,MYUC-1042.wav,,78.582,80.420,távǎ kuê ntǔxì ra,t̬áβǎ wɛ̂ ndǔʃì raa,t̬aβa wɛ nduʃi raa,t̬aβa wɛ nduʃi raa,yes,myuc-utterance
MYUC-1042.xml,MYUC-1042.wav,,80.420,84.239,meê ra tsàà yachi mikǐ xíkò ntǔxì tono ntǔxì ntǔxì ñàà,mɛɛ̂ ra tsi jatʃi mikǐ ʃíkò nt̪ǔʃì t̪ono nt̪ǔʃì nt̪ǔʃìì ɲàà,mɛɛ ra tsi jatʃi miki ʃiko nt̪uʃi t̪ono nt̪uʃi nt̪uʃii ɲaa,mɛɛ ra t͡si jat͡ʃi miki ʃiko ntuʃi tono ntuʃi ntuʃii ɲaa,yes,myuc-utterance
MYUC-1042.xml,MYUC-1042.wav,,84.281,85.886,kú'nî rǎ rì tsà'ǎ ñà ka,kúnî rǎ rì tã,kuni ra ri tã,kuni ra ri tã,yes,myuc-utterance
MYUC-1042.xml,MYUC-1042.wav,,85.912,91.519,váí nchuà'a tsú'ní kuê rǎ ra tsàà yachi meé soo tá ñù'mǎ luu tsú'nî ra ñàà,váí ntʒòʔa tsúʔní wɛ̂ rǎ mmm ra tsà jatʃi mɛɛ́ soo t̪ã́ ɲũ̀mǎ lu tsúnî ra ɲààà,vai ntʒoʔa tsuʔni wɛ ra mmm ra tsa jatʃi mɛɛ soo t̪ã ɲũma lu tsuni ra ɲaaa,vai ntʒoʔa t͡suʔni wɛ ra mmm ra t͡sa jat͡ʃi mɛɛ soo tã ɲũma lu t͡suni ra ɲaaa,yes,myuc-utterance
MYUC-1042.xml,MYUC-1042.wav,,91.519,97.510,nchá... nchá kána kúu ñàà nchá ntinuu luu kúu nchá xíkò ra ñà kúu,ntʒááá ntʒá kána úu ɲàà ntʒá ndinũʔũ lu dʒá ʃíkò ra ɲà kúuu,ntʒaaa ntʒa kana uu ɲaa ntʒa ndinũʔũ lu dʒa ʃiko ra ɲa kuuu,ntʒaaa ntʒa kana uu ɲaa ntʒa ndinũʔũ lu d͡ʒa ʃiko ra ɲa kuuu,yes,myuc-utterance
MYUC-1042.xml,MYUC-1042.wav,,97.115,101.415,saán sáchúun kuê chíí suà'a chíí Yukúnanǐ tatù,sãã́ sátʃṹũ wɛ̂ tʃíí swàa tʃíí jukúnanǐ dadù,sãã satʃũũ wɛ tʃii swaa tʃii jukunani dadu,sãã sat͡ʃũũ wɛ t͡ʃii swaa t͡ʃii jukunani dadu,yes,myuc-utterance
MYUC-1042.xml,MYUC-1042.wav,,101.429,104.541,nchíì nà kúnì katsí ntǔxì ra,ndʒíì nà kúnì k̬atsí ndǔʃì ra,ndʒii na kuni k̬atsi nduʃi ra,nd͡ʒii na kuni k̬at͡si nduʃi ra,yes,myuc-utterance
MYUC-1042.xml,MYUC-1042.wav,,105.021,108.271,ñàà ka'àn soo kue ní ni ra yó'o yéè rǎ,ɲàà kaʔã̀ soo wɛ ní ni ɾə jóʔo jɛ́ɛ̀ rǎ,ɲaa kaʔã soo wɛ ni ni ɾə joʔo jɛɛ ra,ɲaa kaʔã soo wɛ ni ni ɾə joʔo jɛɛ ra,yes,myuc-utterance
MYUC-1042.xml,MYUC-1042.wav,,108.294,113.277,ñàà tá xina ñú'u nìkìtsáà ñàà,ɲàà t̪á ʃina ɲṹʔũ nìkìtsáà ɲàà,ɲaa t̪a ʃina ɲũʔũ nikitsaa ɲaa,ɲaa ta ʃina ɲũʔũ nikit͡saa ɲaa,yes,myuc-utterance
MYUC-1042.xml,MYUC-1042.wav,,113.575,116.042,ntǎ'àn inì yù kúu ku'mî ñùñǔ kúu ñà,ndã̌ʔã̀ inì jù kúu kumî ɲũ̀ɲũ̌ wã́ã,ndãʔã ini ju kuu kumi ɲũɲũ wãã,ndãʔã ini ju kuu kumi ɲũɲũ wãã,yes,myuc-utterance
MYUC-1042.xml,MYUC-1042.wav,,116.201,118.447,ntàà tá luù ra ntsìtá'àn nchuà'a inì yù ñàà,nt̪àà t̪á luù ra nzìt̪ã́ã̀ ndʒòʔa inì jù ɲàà,nt̪aa t̪a luu ra nzit̪ãã ndʒoʔa ini ju ɲaa,ntaa ta luu ra nzitãã nd͡ʒoʔa ini ju ɲaa,yes,myuc-utterance
MYUC-1042.xml,MYUC-1042.wav,,118.935,121.000,tá ntáné'ê ñùñǔ á yokǒ á,t̪á ndánɛ́ʔɛ̂ ɲũ̀ɲũ̌ á jokǒ áá,t̪a ndanɛʔɛ ɲũɲũ a joko aa,ta ndanɛʔɛ ɲũɲũ a joko aa,yes,myuc-utterance
MYUC-1042.xml,MYUC-1042.wav,,121.193,124.271,nchíì nchíì ñà nìkùu ni ra ntsìtá'àn nchuà'a inì yù,ndʒíì ndʒíì iʔ nɲà nìkùu ni ra ntzìt̪ã́ã̀ ntʒòʔa inì jù,ndʒii ndʒii iʔ nɲa nikuu ni ra ntzit̪ãã ntʒoʔa ini ju,nd͡ʒii nd͡ʒii iʔ nɲa nikuu ni ra ntzitãã ntʒoʔa ini ju,yes,myuc-utterance
MYUC-1042.xml,MYUC-1042.wav,,124.288,125.296,kusíkî rì,kusíkî rì,kusiki ri,kusiki ri,yes,myuc-utterance
MYUC-1042.xml,MYUC-1042.wav,,125.296,127.547,ntsìtá'àn nchuà'a inì yù távâ ntǔxì luu tí,nzìdã́ã̀ ndʒòʔa inì jù dávâ ndǔʃì luu t̪í,nzidãã ndʒoʔa ini ju dava nduʃi luu t̪i,nzidãã nd͡ʒoʔa ini ju dava nduʃi luu ti,yes,myuc-utterance
MYUC-1042.xml,MYUC-1042.wav,,127.489,129.916,jara né'ê ntǔxì luu tsátsî tá tsíkà yukǔ,jara nɛ́ɛ̂ nt̪ǔʃì luu tsátsî t̬á tsíkà jukǔ,jara nɛɛ nt̪uʃi luu tsatsi t̬a tsika juku,jara nɛɛ ntuʃi luu t͡sat͡si t̬a t͡sika juku,yes,myuc-utterance
MYUC-1042.xml,MYUC-1042.wav,,129.975,132.039,kuà'àn yù nùǔ sànà yù kuà'àn yù ra,kwã̰̀ jù nũ̀ũ̌ sànà jù a kuã̰̀ jù ra,kwã̰ ju nũũ sana ju a kuã̰ ju ra,kwã̰ ju nũũ sana ju a kuã̰ ju ra,yes,myuc-utterance
MYUC-1042.xml,MYUC-1042.wav,,131.961,133.650,ntáné'ê ñàà yòkò ra,ndánɛ́ʔɛ̂ ɲàà jòkò ra,ndanɛʔɛ ɲaa joko ra,ndanɛʔɛ ɲaa joko ra,yes,myuc-utterance
MYUC-1042.xml,MYUC-1042.wav,,133.981,135.860,tsá'nchà yù ñà ra né'ê ntǔxì luu tsátsî,tsáʔndʒà jù àà nɛ̰́ɛ̰̂ ndǔʃì lu tsátsî,tsaʔndʒa ju aa nɛ̰ɛ̰ nduʃi lu tsatsi,t͡saʔnd͡ʒa ju aa nɛ̰ɛ̰ nduʃi lu t͡sat͡si,yes,myuc-utterance
MYUC-1042.xml,MYUC-1042.wav,,135.885,137.809,cha iká kúu ñà nìntǎ'vǐ à inì yù ñàà,iká wé nìnt̬ǎʔvǐ à inì jù à,ika we nint̬aʔvi a ini ju a,ika we nint̬aʔvi a ini ju a,yes,myuc-utterance
MYUC-1042.xml,MYUC-1042.wav,,137.809,140.699,nìkùtoò yù nìkùtoò yù kúu ku'mî tǐ,nìkùt̪oò jù nìkùt̪oò jù kúu kumî dǐ,nikut̪oo ju nikut̪oo ju kuu kumi di,nikutoo ju nikutoo ju kuu kumi di,yes,myuc-utterance
MYUC-1042.xml,MYUC-1042.wav,,140.099,142.240,jara ñàà,jara ɲàà,jara ɲaa,jara ɲaa,yes,myuc-utterance
MYUC-1042.xml,MYUC-1042.wav,,142.099,145.793,ntás... ntásan... ntsà'a chí'an nà iin ñàà iin,ndá̰a̰ sə ndásɐann nnazà̰a̰ tʃíʔã nà ĩ́ĩ́ ɲàà ĩ́ĩ́,nda̰a̰ sə ndasɐann nnaza̰a̰ tʃiʔã na ĩĩ ɲaa ĩĩ,nda̰a̰ sə ndasɐann nnaza̰a̰ t͡ʃiʔã na ĩĩ ɲaa ĩĩ,yes,myuc-utterance
MYUC-1042.xml,MYUC-1042.wav,,145.806,147.266,kájà luu tí kúu ku'mî,káhà luu t̪í kúu kumî,kaha luu t̪i kuu kumi,kaha luu ti kuu kumi,yes,myuc-utterance
MYUC-1042.xml,MYUC-1042.wav,,147.282,149.671,jara iká ra kuéên kuéên ra ntàkayà tǐ,hara iká ra ku kuɛ̃́ɛ̃̂ ra ndàkajà dǐ,hara ika ra ku kuɛ̃ɛ̃ ra ndakaja di,hara ika ra ku kuɛ̃ɛ̃ ra ndakaja di,yes,myuc-utterance
MYUC-1042.xml,MYUC-1042.wav,,151.500,152.964,ñà ntàà kúu ñà michú'ni ñàà,ɲà ndàà wã́ã̂ mitʃúni ɲà,ɲa ndaa wãã mitʃuni ɲa,ɲa ndaa wãã mit͡ʃuni ɲa,yes,myuc-utterance
MYUC-1042.xml,MYUC-1042.wav,,153.428,155.186,yòǒ ichî ñàà kǒo ñàà,jòǒ itʃî ɲà kǒo ɲà,joo itʃi ɲa koo ɲa,joo it͡ʃi ɲa koo ɲa,yes,myuc-utterance
MYUC-1042.xml,MYUC-1042.wav,,155.186,156.174,kǒo,kǒo,koo,koo,yes,myuc-utterance
MYUC-1042.xml,MYUC-1042.wav,,157.171,159.040,ñà katsí ñùñǔ luu yó'o ra,ɲà katsí ɲũ̀ɲũ̌ lʎó raa,ɲa katsi ɲũɲũ lʎo raa,ɲa kat͡si ɲũɲũ lʎo raa,yes,myuc-utterance
MYUC-1042.xml,MYUC-1042.wav,,159.416,161.914,ñà ntàà meê ra mikǐ tù'vâ tâân ñà katsí,nɲà ndàà mɛɛ̂ a mikǐ t̬ùvâ t̪ã́ã̂ ɲà k̬atsíí,nɲa ndaa mɛɛ a miki t̬uva t̪ãã ɲa k̬atsii,nɲa ndaa mɛɛ a miki t̬uva tãã ɲa k̬at͡sii,yes,myuc-utterance
MYUC-1042.xml,MYUC-1042.wav,,161.870,163.291,katsí tí nti....,katsí t̪íí nt̬i,katsi t̪ii nt̬i,kat͡si tii nt̬i,yes,myuc-utterance
MYUC-1042.xml,MYUC-1042.wav,,163.314,165.220,tsíní ñú'u tono ñà ká'àn kue,tsíɲũ ɲṹʔũ t̪onn ɲà kã̰́ã̰̀ wɛ,tsiɲũ ɲũʔũ t̪onn ɲa kã̰ã̰ wɛ,t͡siɲũ ɲũʔũ tonn ɲa kã̰ã̰ wɛ,yes,myuc-utterance
MYUC-1042.xml,MYUC-1042.wav,,165.228,167.370,tò'ò yó'o kúu ñà tsíní ñú'u kuà'a kó,t̪òʔò jóʔo wã́ã tsí ɲũ̀ũ̌ kuàʔa ɣó,t̪oʔo joʔo wãã tsi ɲũũ kuaʔa ɣo,toʔo joʔo wãã t͡si ɲũũ kuaʔa ɣo,yes,myuc-utterance
MYUC-1042.xml,MYUC-1042.wav,,167.765,170.133,ñà katsí tí tavà koo tí teèn meê ra,ɲà katsí t̪í t̪awà koo t̪í t̪ɛ̃ɛ̃̀ mɛɛ̂ ra,ɲa katsi t̪i t̪awa koo t̪i t̪ɛ̃ɛ̃ mɛɛ ra,ɲa kat͡si ti tawa koo ti tɛ̃ɛ̃ mɛɛ ra,yes,myuc-utterance
MYUC-1042.xml,MYUC-1042.wav,,170.241,173.293,kuě kúnì yù skâân ñùñǔ luu saán saán soo ñàà,"kwɛ̌ kúnì jù skã̂ã̂ ɲũ̀ɲũ̌ lu sãã́, sãã́ soo ɲàà","kwɛ kuni ju skãã ɲũɲũ lu sãã, sãã soo ɲaa","kwɛ kuni ju skãã ɲũɲũ lu sãã, sãã soo ɲaa",yes,myuc-utterance
MYUC-1042.xml,MYUC-1042.wav,,173.464,174.896,ñà sá'à kúu ñà tsákì soò ñàà,ɲà sáʔà wã́ã̂ tsákì soò ɲàà,ɲa saʔa wãã tsaki soo ɲaa,ɲa saʔa wãã t͡saki soo ɲaa,yes,myuc-utterance
MYUC-1042.xml,MYUC-1042.wav,,175.039,176.546,ità luu katsí tí á,it̪à lu k̬atsí t̪í áá,it̪a lu k̬atsi t̪i aa,ita lu k̬at͡si ti aa,yes,myuc-utterance
MYUC-1042.xml,MYUC-1042.wav,,176.757,178.336,nchíì kuáchi suà'a luu ntu...,ndʒíì kwátʃi suàʔa lu nduu,ndʒii kwatʃi suaʔa lu nduu,nd͡ʒii kwat͡ʃi suaʔa lu nduu,yes,myuc-utterance
MYUC-1042.xml,MYUC-1042.wav,,178.357,181.414,ntuvà á nchíì tsákì yù ra iká kúu ñà ntútútú tí ra iká,và á ndʒíì tsákì kjù ra iká wã́ã̂ nt̬út̬út̬ú t̪í a iká,va a ndʒii tsaki kju ra ika wãã nt̬ut̬ut̬u t̪i a ika,va a nd͡ʒii t͡saki kju ra ika wãã nt̬ut̬ut̬u ti a ika,yes,myuc-utterance
MYUC-1042.xml,MYUC-1042.wav,,181.577,182.444,iká tsítsá'an tí,iká tsítsã́ã t̬í,ika tsitsãã t̬i,ika t͡sit͡sãã t̬i,yes,myuc-utterance
MYUC-1042.xml,MYUC-1042.wav,,184.809,186.283,ñàà,ɲàààà,ɲaaaa,ɲaaaa,yes,myuc-utterance
MYUC-1042.xml,MYUC-1042.wav,,186.635,188.528,tá nìkìtsáà ra jani kuě,t̪á nìkìtsáà ra hani kwɛ́ɛ̌,t̪a nikitsaa ra hani kwɛɛ,ta nikit͡saa ra hani kwɛɛ,yes,myuc-utterance
MYUC-1042.xml,MYUC-1042.wav,,188.954,191.036,kuě nchíchì xèě ni kuíî nùû rì tsà'ǎ ñà ka,kwɛ̌ ndʒíʃì ʃɛ̀ɛ̌ ni kuíî nũ̀ũ̂ rì tsàǎ,kwɛ ndʒiʃi ʃɛɛ ni kuii nũũ ri tsaa,kwɛ nd͡ʒiʃi ʃɛɛ ni kuii nũũ ri t͡saa,yes,myuc-utterance
MYUC-1042.xml,MYUC-1042.wav,,191.109,192.523,tono iin chuun ñàà,t̪ono ĩ́ĩ́ tʃũũ ɲàà,t̪ono ĩĩ tʃũũ ɲaa,tono ĩĩ t͡ʃũũ ɲaa,yes,myuc-utterance
MYUC-1042.xml,MYUC-1042.wav,,192.735,195.646,tá'àn ntǎ'àn inì yù sá'à víî ra tsà'ǎ ñà ka kúu ñà,t̪ã́ʔã̀ nt̪ã̌ʔã̀ inì jù sáʔà víî ra tsǎ ɲà wã́ã,t̪ãʔã nt̪ãʔã ini ju saʔa vii ra tsa ɲa wãã,tãʔã ntãʔã ini ju saʔa vii ra t͡sa ɲa wãã,yes,myuc-utterance
MYUC-1042.xml,MYUC-1042.wav,,195.703,196.690,ñàà,ɲàà,ɲaa,ɲaa,yes,myuc-utterance
MYUC-1042.xml,MYUC-1042.wav,,196.690,198.911,kuě nchíchì xèě kúu ñà nìkùtù'và tavà,kwɛ̌ ntʃítʃì ʃɛ̀ɛ̌ wã́ã nìkùt̪ùʔvà t̪avà,kwɛ ntʃitʃi ʃɛɛ wãã nikut̪uʔva t̪ava,kwɛ nt͡ʃit͡ʃi ʃɛɛ wãã nikutuʔva tava,yes,myuc-utterance
MYUC-1042.xml,MYUC-1042.wav,,199.476,201.029,kutù'và nixi tavâ rǐ,kut̪ùβà niʃi t̬avâ rǐ,kut̪uβa niʃi t̬ava ri,kutuβa niʃi t̬ava ri,yes,myuc-utterance
MYUC-1042.xml,MYUC-1042.wav,,203.246,204.462,ñà ntàà ra ñàà,ɲà ndàà ra ɲàà,ɲa ndaa ra ɲaa,ɲa ndaa ra ɲaa,yes,myuc-utterance
MYUC-1042.xml,MYUC-1042.wav,,204.467,206.493,chuun luu ka ra kuě nchíchì ñà ra,tʃũũ luu ɣa ra kwɛ̌ nʒítʃì ɲà ra,tʃũũ luu ɣa ra kwɛ nʒitʃi ɲa ra,t͡ʃũũ luu ɣa ra kwɛ nʒit͡ʃi ɲa ra,yes,myuc-utterance
MYUC-1042.xml,MYUC-1042.wav,,206.525,208.298,á kúu nà ña'á á kúu nà chàa,á kúu nà ɲa̰á ʔá ku nà tʃàa,a kuu na ɲa̰a ʔa ku na tʃaa,a kuu na ɲa̰a ʔa ku na t͡ʃaa,yes,myuc-utterance
MYUC-1042.xml,MYUC-1042.wav,,208.298,209.380,ra kúu,ra kúuu,ra kuuu,ra kuuu,yes,myuc-utterance
MYUC-1042.xml,MYUC-1042.wav,,209.380,212.359,kúu... kúu ku'mí nà tǐ ra kúu sáchúun nà tsi tí rì,kúuu kû kumí nà t̪ǐ ra kúu sátʃṹũ nà tsi t̪í rì,kuuu ku kumi na t̪i ra kuu satʃũũ na tsi t̪i ri,kuuu ku kumi na ti ra kuu sat͡ʃũũ na t͡si ti ri,yes,myuc-utterance
MYUC-1042.xml,MYUC-1042.wav,,212.830,213.614,ñàà,ɲààà,ɲaaa,ɲaaa,yes,myuc-utterance
MYUC-1042.xml,MYUC-1042.wav,,213.814,216.362,iin ñà ná mà yǔ'ù soo nà tǐ ni ra kúu,ĩ́ĩ́ ɲà ná mà jǔʔù soo nà t̪ǐ ni raaa kúu,ĩĩ ɲa na ma juʔu soo na t̪i ni raaa kuu,ĩĩ ɲa na ma juʔu soo na ti ni raaa kuu,yes,myuc-utterance
MYUC-1042.xml,MYUC-1042.wav,,218.989,221.731,"àjǎ, tá tsàà na'á ra saán ni ntsìtsìkà","àhǎ, t̪ɐ́ɐ́ tsàà naʔá ra saã́ ni ntzìtsìkà","aha, t̪ɐɐ tsaa naʔa ra saã ni ntzitsika","aha, tɐɐ t͡saa naʔa ra saã ni ntzit͡sika",yes,myuc-utterance
MYUC-1042.xml,MYUC-1042.wav,,221.741,224.394,iin sa'mǎ ncheé ni... [tsi iin] ñàà,ĩ́ĩ́ĩ́ samǎ ndʒɛɛ́ ni nnnzə tsi ĩĩ ɲààà,ĩĩĩ sama ndʒɛɛ ni nnnzə tsi ĩĩ ɲaaa,ĩĩĩ sama nd͡ʒɛɛ ni nnnzə t͡si ĩĩ ɲaaa,yes,myuc-utterance
MYUC-1042.xml,MYUC-1042.wav,,224.786,226.980,iin ñà kú ntǎsì nùǔ nchíì ñà nìkùu ni,ĩ́ĩ́ ɲà kú ndǎsì nũ̀ũ̌ ndʒíì à nìkùu ni,ĩĩ ɲa ku ndasi nũũ ndʒii a nikuu ni,ĩĩ ɲa ku ndasi nũũ nd͡ʒii a nikuu ni,yes,myuc-utterance
MYUC-1042.xml,MYUC-1042.wav,,226.980,228.368,ntsìtsásì yù nùû ra,ntzìtzásì jù nũ̀ũ̂ ra,ntzitzasi ju nũũ ra,ntzitzasi ju nũũ ra,yes,myuc-utterance
MYUC-1042.xml,MYUC-1042.wav,,228.368,230.181,vichi kúu ñàà vichi kúu ñà ntàkuǎàn,vitʃi ɣú ɲà vitʃi wã́ã nt̪àkwǎã̀,vitʃi ɣu ɲa vitʃi wãã nt̪akwaã,vit͡ʃi ɣu ɲa vit͡ʃi wãã ntakwaã,yes,myuc-utterance
MYUC-1042.xml,MYUC-1042.wav,,230.181,232.405,yéè kánkúun sa'mǎ ñàà,jɛ́ɛ̀ káŋkúũ samǎ ɲàà,jɛɛ kaŋkuũ sama ɲaa,jɛɛ kaŋkuũ sama ɲaa,yes,myuc-utterance
MYUC-1042.xml,MYUC-1042.wav,,232.410,234.684,ñà kú ntsìtsó ñàà kú nkàa nùǔ kó,ɲɲɲà kú ntsìtsó ɲààà kú ŋk̬àa nũ̀ũ̌ ɣó,ɲɲɲa ku ntsitso ɲaaa ku ŋk̬aa nũũ ɣo,ɲɲɲa ku nt͡sit͡so ɲaaa ku ŋk̬aa nũũ ɣo,yes,myuc-utterance
MYUC-1042.xml,MYUC-1042.wav,,236.960,238.615,Yukúnanǐ yó'o ra,jukúnanǐ jóo ra,jukunani joo ra,jukunani joo ra,yes,myuc-utterance
MYUC-1042.xml,MYUC-1042.wav,,239.001,241.142,ùnì tá'àn kuê kúu ñà sáchúun sáchúun,ùmì t̪ã́ã̀ wɛ̂ wã́ã sátʃṹũ sátʃṹũ,umi t̪ãã wɛ wãã satʃũũ satʃũũ,umi tãã wɛ wãã sat͡ʃũũ sat͡ʃũũ,yes,myuc-utterance
MYUC-1042.xml,MYUC-1042.wav,,241.142,242.825,cha maestro Moisés,dʒaaa maɛst̪ro mɔisɛ́s,dʒaaa maɛst̪ro mɔisɛs,d͡ʒaaa maɛstro mɔisɛs,yes,myuc-utterance
MYUC-1042.xml,MYUC-1042.wav,,242.836,243.998,Velasco tsi ñàà,βɛlasko tzii ɲàà,βɛlasko tzii ɲaa,βɛlasko tzii ɲaa,yes,myuc-utterance
MYUC-1042.xml,MYUC-1042.wav,,244.749,248.138,Maurino Rodriguez ùnì tá'àn kuê kúu ñà sáchúun Yukúnanǐ yó'o,maurino rodrigɛs ùnì t̪ã́ã̀ wɛ̂ wã́ã sátʃṹũ jukúnanǐ jo,maurino rodrigɛs uni t̪ãã wɛ wãã satʃũũ jukunani jo,maurino rodrigɛs uni tãã wɛ wãã sat͡ʃũũ jukunani jo,yes,myuc-utterance
MYUC-1042.xml,MYUC-1042.wav,,249.862,250.464,ñàà,ɲààà,ɲaaa,ɲaaa,yes,myuc-utterance
MYUC-1042.xml,MYUC-1042.wav,,250.665,253.104,iin nùǔ kájà ra ñàà,ĩ́ĩ́ nũ̀ũ̌ káhà ra ɲààà,ĩĩ nũũ kaha ra ɲaaa,ĩĩ nũũ kaha ra ɲaaa,yes,myuc-utterance
MYUC-1042.xml,MYUC-1042.wav,,254.221,257.860,nti'i ni kue kájà yó'o ra tsíku'mí à iin ñùñǔ luu kitǐ,ndiʔi nn wɛ kájà jo ra tsíkuʔmíà ĩ́ĩ́ ɲũ̀ɲũ̌ lu kit̪ǐíí,ndiʔi nn wɛ kaja jo ra tsikuʔmia ĩĩ ɲũɲũ lu kit̪iii,ndiʔi nn wɛ kaja jo ra t͡sikuʔmia ĩĩ ɲũɲũ lu kitiii,yes,myuc-utterance
MYUC-1042.xml,MYUC-1042.wav,,257.865,259.487,kitǐ naní reina,kit̪ǐí naní reina,kit̪ii nani reina,kitii nani reina,yes,myuc-utterance
MYUC-1042.xml,MYUC-1042.wav,,259.490,261.112,saán naní iin kitǐ kúu ntsá'nu,sã́ naní ĩ́ĩ́ kit̪ǐ kúu ntsáʔnũ,sã nani ĩĩ kit̪i kuu ntsaʔnũ,sã nani ĩĩ kiti kuu nt͡saʔnũ,yes,myuc-utterance
MYUC-1042.xml,MYUC-1042.wav,,261.115,263.465,tsàà jara kú'mí síin tukì iin ñàà,tsàà hara kúʔmí sĩ́ĩ duk̬ì ĩ́ĩ́ĩ́ ɲàà,tsaa hara kuʔmi sĩĩ duk̬i ĩĩĩ ɲaa,t͡saa hara kuʔmi sĩĩ duk̬i ĩĩĩ ɲaa,yes,myuc-utterance
MYUC-1042.xml,MYUC-1042.wav,,263.926,266.421,ñùñǔ kitǐ ntoo luu kitǐ íí ná kachǒ,ɲũ̀ɲũ̌ kit̪ǐ ndoo luu kit̪ǐ ííí náá dʒǒ,ɲũɲũ kit̪i ndoo luu kit̪i iii naa dʒo,ɲũɲũ kiti ndoo luu kiti iii naa d͡ʒo,yes,myuc-utterance
MYUC-1042.xml,MYUC-1042.wav,,266.777,270.454,cha jara (ii...) kitǐ íí luu ka ra iin tiémpù luu ni tono iin,dʒa hara i kit̪ǐ ʔíí lu ɣa ra ĩ́ t̪jɛ̃́mpù lu ni t̪ono ĩ́ĩ́ĩ́,dʒa hara i kit̪i ʔii lu ɣa ra ĩ t̪jɛ̃mpu lu ni t̪ono ĩĩĩ,d͡ʒa hara i kiti ʔii lu ɣa ra ĩ tjɛ̃mpu lu ni tono ĩĩĩ,yes,myuc-utterance
MYUC-1042.xml,MYUC-1042.wav,,270.621,272.760,yéè iin tiémpù luu ni kúu ñà tsíǒ tí,jɛ́ɛ̀ ĩ́ĩ́ t̪jɛ́mpù luu ni wã́ã tsíǒ dí,jɛɛ ĩĩ t̪jɛmpu luu ni wãã tsio di,jɛɛ ĩĩ tjɛmpu luu ni wãã t͡sio di,yes,myuc-utterance
MYUC-1042.xml,MYUC-1042.wav,,272.999,273.926,cha jara,dʒa hara,dʒa hara,d͡ʒa hara,no,myuc-utterance
MYUC-1042.xml,MYUC-1042.wav,,273.998,274.843,ñàà,ɲààà,ɲaaa,ɲaaa,yes,myuc-utterance
MYUC-1042.xml,MYUC-1042.wav,,274.862,276.106,takuà tsákì tǐ tàtà,t̪awà tsákì t̪ǐ t̪àt̪à,t̪awa tsaki t̪i t̪at̪a,tawa t͡saki ti tata,yes,myuc-utterance
MYUC-1042.xml,MYUC-1042.wav,,276.237,278.609,cha tá ntì'i jara (tsán) tsá'ní kue ì ñàà,tʃa dá nt̪ìʔi hara tsánn tsání kwì ɲàà,tʃa da nt̪iʔi hara tsann tsani kwi ɲaa,t͡ʃa da ntiʔi hara t͡sann t͡sani kwi ɲaa,yes,myuc-utterance
MYUC-1042.xml,MYUC-1042.wav,,278.996,279.905,kue kitǐ íí ka,wɛ kit̪ǐ íí ɣa,wɛ kit̪i ii ɣa,wɛ kiti ii ɣa,yes,myuc-utterance
MYUC-1042.xml,MYUC-1042.wav,,279.905,281.299,cha ntôo tani ñàà,tʃa ndôo t̪ani ɲàà,tʃa ndoo t̪ani ɲaa,t͡ʃa ndoo tani ɲaa,yes,myuc-utterance
MYUC-1042.xml,MYUC-1042.wav,,281.333,283.622,kitǐ kúu ntsá'nu ka kitǐ tsákì ntivǐ ka,kit̪ǐ kúu ntsáʔnũ ɣa kit̪ǐ tsákì nt̬ivǐ k̬a,kit̪i kuu ntsaʔnũ ɣa kit̪i tsaki nt̬ivi k̬a,kiti kuu nt͡saʔnũ ɣa kiti t͡saki nt̬ivi k̬a,yes,myuc-utterance
MYUC-1042.xml,MYUC-1042.wav,,283.932,285.254,tsákì tǐ ntivǐ,tsákì t̪ǐ ndivǐ,tsaki t̪i ndivi,t͡saki ti ndivi,yes,myuc-utterance
MYUC-1042.xml,MYUC-1042.wav,,285.274,286.707,kuà'ǎ nchuà'à ntivǐ tsákì tǐ,kuàã̌ ntʃòʔà ndivǐ tsákì t̪ǐ,kuaã ntʃoʔa ndivi tsaki t̪i,kuaã nt͡ʃoʔa ndivi t͡saki ti,yes,myuc-utterance
MYUC-1042.xml,MYUC-1042.wav,,286.843,288.315,jara tá ntsìnu ra ntáku...,hara t̪á ntzìnu ra ndá,hara t̪a ntzinu ra nda,hara ta ntzinu ra nda,yes,myuc-utterance
MYUC-1042.xml,MYUC-1042.wav,,289.115,290.487,tá kuà'àn nkua'nu ñàà,t̪á kwã̀ ŋkwanu ɲààà,t̪a kwã ŋkwanu ɲaaa,ta kwã ŋkwanu ɲaaa,yes,myuc-utterance
MYUC-1042.xml,MYUC-1042.wav,,290.630,292.449,ítsí luu ka jara ntákasì tǐ,ítsí lu ɣa hara ndákasì dǐ,itsi lu ɣa hara ndakasi di,it͡si lu ɣa hara ndakasi di,yes,myuc-utterance
MYUC-1042.xml,MYUC-1042.wav,,292.910,294.988,jara tá nìkěta iin,hara nn dá nìkɛ̌t̪a ĩ́ĩ́,hara nn da nikɛt̪a ĩĩ,hara nn da nikɛta ĩĩ,yes,myuc-utterance
MYUC-1042.xml,MYUC-1042.wav,,294.991,296.830,kuàâ òkò kìǐ jara tâ'vǐ tí,kwâ òkò k̬ìǐ hara t̪âvǐ t̬í,kwa oko k̬ii hara t̪avi t̬i,kwa oko k̬ii hara tavi t̬i,yes,myuc-utterance
MYUC-1042.xml,MYUC-1042.wav,,296.858,298.834,tá ntǎ'vǐ tí jara iká ra ñàà,t̪á ndǎvǐ dí hɛra iká ra ɲàà,t̪a ndavi di hɛra ika ra ɲaa,ta ndavi di hɛra ika ra ɲaa,yes,myuc-utterance
MYUC-1042.xml,MYUC-1042.wav,,298.840,301.371,tatù ná ta'vǐ iinkàâ kitǐ kúu ntsá'nu ka jara,t̪at̪ù ná t̪avǐ ĩŋk̬àâ kit̪ǐ kúu nzánu ɣa hara,t̪at̪u na t̪avi ĩŋk̬aa kit̪i kuu nzanu ɣa hara,tatu na tavi ĩŋk̬aa kiti kuu nzanu ɣa hara,yes,myuc-utterance
MYUC-1042.xml,MYUC-1042.wav,,301.511,305.664,kú ntàsǎtútú tá'àn tǐ iin iin xóó luu tí jara ún nkee tí kù'ùn tǐ,kú ndàsǎt̪út̪ú t̪ã̰́ã̰̀ t̬ǐ ʔĩ́ĩ́ĩ́ ĩ́ĩ́ ʃóó lu t̪í hara ṹ ŋkɛɛ t̬í kũ̀ t̬ǐ,ku ndasat̪ut̪u t̪ã̰ã̰ t̬i ʔĩĩĩ ĩĩ ʃoo lu t̪i hara ũ ŋkɛɛ t̬i kũ t̬i,ku ndasatutu tã̰ã̰ t̬i ʔĩĩĩ ĩĩ ʃoo lu ti hara ũ ŋkɛɛ t̬i kũ t̬i,yes,myuc-utterance
MYUC-1042.xml,MYUC-1042.wav,,307.211,307.762,ñàà,ɲàà,ɲaa,ɲaa,yes,myuc-utterance
MYUC-1042.xml,MYUC-1042.wav,,308.081,309.181,ntàà kúu ñà,ndàà wã́ã,ndaa wãã,ndaa wãã,yes,myuc-utterance
MYUC-1042.xml,MYUC-1042.wav,,309.187,311.516,meê ra xíkò ntǔxì,mɛɛ̂ ra ʃíkò ndǔʃì,mɛɛ ra ʃiko nduʃi,mɛɛ ra ʃiko nduʃi,yes,myuc-utterance
MYUC-1042.xml,MYUC-1042.wav,,311.595,313.512,ntǔxì ñàà,ndǔʃì ɲààà,nduʃi ɲaaa,nduʃi ɲaaa,yes,myuc-utterance
MYUC-1042.xml,MYUC-1042.wav,,313.752,315.577,ntǔxì tsi ità,ndǔʃì tsi it̪à,nduʃi tsi it̪a,nduʃi t͡si ita,yes,myuc-utterance
MYUC-1042.xml,MYUC-1042.wav,,315.577,317.642,kuě tsà'ǎ ñà ka kǒo kue ñàà,kwɛ̌ ʔn tsã̀ã̌ kǒo wɛ ʔn ɲàà,kwɛ ʔn tsãã koo wɛ ʔn ɲaa,kwɛ ʔn t͡sãã koo wɛ ʔn ɲaa,yes,myuc-utterance
MYUC-1042.xml,MYUC-1042.wav,,317.880,320.805,kue kàa kú'mî tavà tavâ mímeé ità ra ñàà,wɛ kàa kúʔmî dawà t̪avâ mímɛɛ́ it̪à ra ɲà,wɛ kaa kuʔmi dawa t̪ava mimɛɛ it̪a ra ɲa,wɛ kaa kuʔmi dawa tava mimɛɛ ita ra ɲa,yes,myuc-utterance
MYUC-1042.xml,MYUC-1042.wav,,320.805,322.169,sá'a soò kúu ñà,sáa soò wã́ã,saa soo wãã,saa soo wãã,yes,myuc-utterance
MYUC-1042.xml,MYUC-1042.wav,,322.378,323.748,tá yòǒ ñàà,t̬á jòǒ ɲàà,t̬a joo ɲaa,t̬a joo ɲaa,yes,myuc-utterance
MYUC-1042.xml,MYUC-1042.wav,,324.104,326.477,tá yòǒ kúmǎní kà kítsáá ntǔxì ra,t̪á jòǒ kúmǎní k̬à kítsáá ndǔʃì ra,t̪a joo kumani k̬a kitsaa nduʃi ra,ta joo kumani k̬a kit͡saa nduʃi ra,yes,myuc-utterance
MYUC-1042.xml,MYUC-1042.wav,,326.488,327.029,távâ,t̬ávâ,t̬ava,t̬ava,yes,myuc-utterance
MYUC-1042.xml,MYUC-1042.wav,,327.037,328.496,távâ ñàà ità luu ka,t̪ávâ ɲàà it̪à lu a,t̪ava ɲaa it̪a lu a,tava ɲaa ita lu a,yes,myuc-utterance
MYUC-1042.xml,MYUC-1042.wav,,328.881,332.798,jara takuà ità luu ka ra xíko síìn ità luu ka ra ñàà,hara t̪awà it̪à lu a ra ʃíko sĩ́ĩ̀ it̪à lu kaaa it̬à ɲààà,hara t̪awa it̪a lu a ra ʃiko sĩĩ it̪a lu kaaa it̬a ɲaaa,hara tawa ita lu a ra ʃiko sĩĩ ita lu kaaa it̬a ɲaaa,yes,myuc-utterance
MYUC-1042.xml,MYUC-1042.wav,,332.811,335.493,rì ità luu ka ra kuà'ǎ nchuà'a nùǔ kuè'è và'î,t̬ì it̪à lu ɣa ra kwàǎ ndʒòʔa nũ̀ũ̌ kwɛ̀ʔɛ̀ vàʔîii,t̬i it̪a lu ɣa ra kwaa ndʒoʔa nũũ kwɛʔɛ vaʔiii,t̬i ita lu ɣa ra kwaa nd͡ʒoʔa nũũ kwɛʔɛ vaʔiii,yes,myuc-utterance
MYUC-1042.xml,MYUC-1042.wav,,336.085,337.176,và'î ñàà,vàʔî ɲààà,vaʔi ɲaaa,vaʔi ɲaaa,yes,myuc-utterance
MYUC-1042.xml,MYUC-1042.wav,,337.187,338.140,kue nà,kwɛ nààà,kwɛ naaa,kwɛ naaa,yes,myuc-utterance
MYUC-1042.xml,MYUC-1042.wav,,338.152,340.687,ntúvìxì nìǐ á kue nà ñàà,dúvìʃì nìǐ á wɛ nà ɲààà,duviʃi nii a wɛ na ɲaaa,duviʃi nii a wɛ na ɲaaa,yes,myuc-utterance
MYUC-1042.xml,MYUC-1042.wav,,343.809,343.864,ñà kúu,ɲà kúu,ɲa kuu,ɲa kuu,yes,myuc-utterance
MYUC-1042.xml,MYUC-1042.wav,,343.872,347.083,nchíì ké'en ké'en nùǔ ké'en nchuà'a nùǔ kuè'è và'î ra,ndʒíì kɛ̃́ɛ̃ kɛ̃́ɛ̃ nũ̀ũ̌ kɛ̃́ɛ̃ ndʒòʔa nũ̀ũ̌ kwɛ̀ʔɛ̀ vàʔî ra,ndʒii kɛ̃ɛ̃ kɛ̃ɛ̃ nũũ kɛ̃ɛ̃ ndʒoʔa nũũ kwɛʔɛ vaʔi ra,nd͡ʒii kɛ̃ɛ̃ kɛ̃ɛ̃ nũũ kɛ̃ɛ̃ nd͡ʒoʔa nũũ kwɛʔɛ vaʔi ra,yes,myuc-utterance
MYUC-1042.xml,MYUC-1042.wav,,347.135,348.388,ñà kúu,ɲà kúuu,ɲa kuuu,ɲa kuuu,yes,myuc-utterance
MYUC-1042.xml,MYUC-1042.wav,,348.405,350.540,tsà'ǎ ñà ka kúu ñà ntǔ'vâ xíkò ñàà,tzàǎ ɲà wã́ã mm ndǔvâ ʃíkò ɲààà,tzaa ɲa wãã mm nduva ʃiko ɲaaa,tzaa ɲa wãã mm nduva ʃiko ɲaaa,yes,myuc-utterance
MYUC-1042.xml,MYUC-1042.wav,,350.952,354.281,ntǔxì ntǔxì ntùvà'a á ntǔxì kêe ñàà,ndǔʃì ndǔʃì ndùvàʔa á ndǔʃì kɛ̂ɛ ɲààà,nduʃi nduʃi nduvaʔa a nduʃi kɛɛ ɲaaa,nduʃi nduʃi nduvaʔa a nduʃi kɛɛ ɲaaa,yes,myuc-utterance
MYUC-1042.xml,MYUC-1042.wav,,354.664,355.641,asúkàr á nchíì ka,asúkàr á ndʒíì k̬a,asukar a ndʒii k̬a,asukar a nd͡ʒii k̬a,yes,myuc-utterance
MYUC-1042.xml,MYUC-1042.wav,,355.643,356.799,mímeé ntǔxì và'a,mímɛɛ́ nt̪ǔʃì vàʔa,mimɛɛ nt̪uʃi vaʔa,mimɛɛ ntuʃi vaʔa,yes,myuc-utterance
MYUC-1042.xml,MYUC-1042.wav,,357.177,359.324,xíkò tavà ñàà,ʃíkò davààà ɲààà,ʃiko davaaa ɲaaa,ʃiko davaaa ɲaaa,yes,myuc-utterance
MYUC-1042.xml,MYUC-1042.wav,,359.417,360.555,rì tsà'ǎ ñà ka tsînì yù ñàà,rì tsàǎ tsînì jù àà,ri tsaa tsini ju aa,ri t͡saa t͡sini ju aa,yes,myuc-utterance
MYUC-1042.xml,MYUC-1042.wav,,360.749,361.432,và'î ra,vàʔî ra,vaʔi ra,vaʔi ra,yes,myuc-utterance
MYUC-1042.xml,MYUC-1042.wav,,361.432,362.251,kuà'ǎ nchuà'a nivǐ ra,kwàǎ ndʒòʔa nivǐ ra,kwaa ndʒoʔa nivi ra,kwaa nd͡ʒoʔa nivi ra,yes,myuc-utterance
MYUC-1042.xml,MYUC-1042.wav,,362.251,364.684,ká'àn tuku nà tsà'î á meé ñùñǔ luu ka ra,kã́ã̰̀ t̪uu nà tzàʔî ʔá mɛɛ́ ɲũ̀ɲũ̌ lu k̬a ra,kãã̰ t̪uu na tzaʔi ʔa mɛɛ ɲũɲũ lu k̬a ra,kãã̰ tuu na tzaʔi ʔa mɛɛ ɲũɲũ lu k̬a ra,yes,myuc-utterance
MYUC-1042.xml,MYUC-1042.wav,,364.984,366.334,ñùñǔ luu ka ra và'a nchuì'î,ɲũ̀ɲũ̌ lu k̬a ra vàa ntʃùʔî,ɲũɲũ lu k̬a ra vaa ntʃuʔi,ɲũɲũ lu k̬a ra vaa nt͡ʃuʔi,yes,myuc-utterance
MYUC-1042.xml,MYUC-1042.wav,,366.340,368.279,tá kue nà kú'ù kòntò á,t̪ááá wɛ nà kúù kònt̪ò á,t̪aaa wɛ na kuu kont̪o a,taaa wɛ na kuu konto a,yes,myuc-utterance
MYUC-1042.xml,MYUC-1042.wav,,368.624,369.343,ñàà,ɲààà,ɲaaa,ɲaaa,yes,myuc-utterance
MYUC-1042.xml,MYUC-1042.wav,,369.418,371.481,tsîso á tâ'vǐ tsà'ǎ nà ra,tsîso á t̪âvǐ tsàʔǎ nà ra,tsiso a t̪avi tsaʔa na ra,t͡siso a tavi t͡saʔa na ra,yes,myuc-utterance
MYUC-1042.xml,MYUC-1042.wav,,371.584,372.326,và'a nchuà'a iñǔ,vàa̰ ndʒòʔa iɲǔ,vaa̰ ndʒoʔa iɲu,vaa̰ nd͡ʒoʔa iɲu,yes,myuc-utterance
MYUC-1042.xml,MYUC-1042.wav,,372.407,373.179,ñùñǔ luu ka,ɲũ̀ɲũ̌ lu k̬a,ɲũɲũ lu k̬a,ɲũɲũ lu k̬a,yes,myuc-utterance
MYUC-1042.xml,MYUC-1042.wav,,373.152,374.251,tá ntsà'àn yù Ñuù ra,t̪ã̀ ntsã̀ã̀ jù ɲũũ̀ ra,t̪ã ntsãã ju ɲũũ ra,tã nt͡sãã ju ɲũũ ra,yes,myuc-utterance
MYUC-1042.xml,MYUC-1042.wav,,374.257,375.416,kuà'ǎ nchuà'a kue nà,kuàǎ ndʒòʔa wɛ nààà,kuaa ndʒoʔa wɛ naaa,kuaa nd͡ʒoʔa wɛ naaa,yes,myuc-utterance
MYUC-1042.xml,MYUC-1042.wav,,375.520,376.972,tsíkanuu nùǔ yà'vi ka ra,tsíkanuu nũ̀ũ̌ jàʔvi jɛ ra,tsikanuu nũũ jaʔvi jɛ ra,t͡sikanuu nũũ jaʔvi jɛ ra,yes,myuc-utterance
MYUC-1042.xml,MYUC-1042.wav,,377.077,380.358,ntsìkà kánkúun nà ñùñǔ luu tavà nchìntu'ú nà tsà'ǎ nà tavà,ntsìkà káŋkṹũ nà ɲũ̀ɲũ̌ du dawà ndʒìnt̪uú nà tsàʔǎ nà dawà,ntsika kaŋkũũ na ɲũɲũ du dawa ndʒint̪uu na tsaʔa na dawa,nt͡sika kaŋkũũ na ɲũɲũ du dawa nd͡ʒintuu na t͡saʔa na dawa,yes,myuc-utterance
MYUC-1042.xml,MYUC-1042.wav,,381.255,382.451,ntuvà'a nta'á nà,nduvàʔa ndaʔááá,nduvaʔa ndaʔaaa,nduvaʔa ndaʔaaa,yes,myuc-utterance
MYUC-1042.xml,MYUC-1042.wav,,382.463,384.270,ntuvà'a nta'á nà á ntuvà'a tsà'ǎ nà ra,nduvàa ndaʔá nà ʔá nduvàʔa tsàʔǎ nà ra,nduvaa ndaʔa na ʔa nduvaʔa tsaʔa na ra,nduvaa ndaʔa na ʔa nduvaʔa t͡saʔa na ra,yes,myuc-utterance
MYUC-1042.xml,MYUC-1042.wav,,384.488,386.254,chuun ka kúu ñà và'a ñàà,tʃjũũ k̬a wã́ã vàʔa ɲàà,tʃjũũ k̬a wãã vaʔa ɲaa,t͡ʃjũũ k̬a wãã vaʔa ɲaa,yes,myuc-utterance
MYUC-1042.xml,MYUC-1042.wav,,386.262,387.288,ñùñǔ luu ka,ɲũ̀ɲũ̌ luu ɛ,ɲũɲũ luu ɛ,ɲũɲũ luu ɛ,yes,myuc-utterance
MYUC-1042.xml,MYUC-1042.wav,,389.711,391.274,ñà ntàà ra ñàà,ɲàà ndàà ra ɲàà,ɲaa ndaa ra ɲaa,ɲaa ndaa ra ɲaa,yes,myuc-utterance
MYUC-1042.xml,MYUC-1042.wav,,391.662,392.666,ñùñǔ luu ka ra,ɲũ̀ɲũ̌ luu k̬a ra,ɲũɲũ luu k̬a ra,ɲũɲũ luu k̬a ra,yes,myuc-utterance
MYUC-1042.xml,MYUC-1042.wav,,393.147,394.676,kuà'ǎ nchuà'a chincheé tí tatù,kuàǎ ndʒùʔa tʃintʃɛɛ́ t̪í t̪at̪ù,kuaa ndʒuʔa tʃintʃɛɛ t̪i t̪at̪u,kuaa nd͡ʒuʔa t͡ʃint͡ʃɛɛ ti tatu,yes,myuc-utterance
MYUC-1042.xml,MYUC-1042.wav,,395.088,396.944,ñàà tatù ná sá'a kó ñàà,ɲàà t̪at̪ù ná sáa ɣó ɲàà,ɲaa t̪at̪u na saa ɣo ɲaa,ɲaa tatu na saa ɣo ɲaa,yes,myuc-utterance
MYUC-1042.xml,MYUC-1042.wav,,397.099,398.090,kaa kà kò'ǒn,kaa k̬à kõ̰̀õ̰̌,kaa k̬a kõ̰õ̰,kaa k̬a kõ̰õ̰,yes,myuc-utterance
MYUC-1042.xml,MYUC-1042.wav,,398.090,399.979,kuà'ǎ kà kájà kúu ku'mǎ kuà'ǎ kà ra,kuàʔǎ kà kájà kúu kumǎ kuà̰ǎ̰ ɣà ra,kuaʔa ka kaja kuu kuma kua̰a̰ ɣa ra,kuaʔa ka kaja kuu kuma kua̰a̰ ɣa ra,yes,myuc-utterance
MYUC-1042.xml,MYUC-1042.wav,,400.143,403.891,kuà'ǎ nchuà'a kúu kaa kò'ǒn tsi tí rì kitǐ ka ra yéè xǔ'un luu tí yéè,kuàǎ ndʒòʔa kúu kaa kõ̀ʔõ̌ tsi t̪í rì kit̪ǐ k̬a ra jɛ́ɛ̀ ʃũ̌ʔũ lu t̪í jɛ́ɛ̀,kuaa ndʒoʔa kuu kaa kõʔõ tsi t̪i ri kit̪i k̬a ra jɛɛ ʃũʔũ lu t̪i jɛɛ,kuaa nd͡ʒoʔa kuu kaa kõʔõ t͡si ti ri kiti k̬a ra jɛɛ ʃũʔũ lu ti jɛɛ,yes,myuc-utterance
MYUC-1042.xml,MYUC-1042.wav,,404.829,408.188,kuě tsíní ñú'u kuà'ǎ xèě ñàà xǔ'un chí'ó tìtsi tí ra,kwɛ̌ tsíɲú ɲúu kwà̰ǎ̰ ʃɛ̀ɛ̌ ɲàà ʃũ̌ũ tʃíʔó t̪ìtsi t̪í raaa,kwɛ tsiɲu ɲuu kwa̰a̰ ʃɛɛ ɲaa ʃũũ tʃiʔo t̪itsi t̪i raaa,kwɛ t͡siɲu ɲuu kwa̰a̰ ʃɛɛ ɲaa ʃũũ t͡ʃiʔo tit͡si ti raaa,yes,myuc-utterance
MYUC-1042.xml,MYUC-1042.wav,,408.689,410.014,n... kuà'ǎ nchuà'a chincheé tí yóó ra,kuàǎ ndʒòʔa tʃintʃɛɛ́ t̬í jóó ra,kuaa ndʒoʔa tʃintʃɛɛ t̬i joo ra,kuaa nd͡ʒoʔa t͡ʃint͡ʃɛɛ t̬i joo ra,yes,myuc-utterance
MYUC-1042.xml,MYUC-1042.wav,,410.725,413.510,kúu tsìnù kǒ kúu kòo iin nivǐ iin nà,kúu tsìnù k̬ǒ kú kòo ĩ́ĩ́ nivǐ ĩ́ĩ́ nà,kuu tsinu k̬o ku koo ĩĩ nivi ĩĩ na,kuu t͡sinu k̬o ku koo ĩĩ nivi ĩĩ na,yes,myuc-utterance
MYUC-1042.xml,MYUC-1042.wav,,414.084,416.047,iin nà kuíka iin nà,ĩ́ĩ́ nà kwíka ĩ́ĩ́ nà,ĩĩ na kwika ĩĩ na,ĩĩ na kwika ĩĩ na,yes,myuc-utterance
MYUC-1042.xml,MYUC-1042.wav,,416.240,417.148,te takuà,t̪ɛ t̪awà,t̪ɛ t̪awa,tɛ tawa,yes,myuc-utterance
MYUC-1042.xml,MYUC-1042.wav,,417.251,419.051,kúu kòo ñà ka ra tsíní ñú'u,kúu kòo ɲà ka ra tsíní ɲṹɲũũũ,kuu koo ɲa ka ra tsini ɲũɲũũũ,kuu koo ɲa ka ra t͡sini ɲũɲũũũ,yes,myuc-utterance
MYUC-1042.xml,MYUC-1042.wav,,419.382,419.598,kua...,kwan,kwan,kwan,no,myuc-utterance
MYUC-1042.xml,MYUC-1042.wav,,419.974,421.390,kuà'a kó tiémpù kǒ,kuàʔa ɣó t̪jémpù ɣǒ,kuaʔa ɣo t̪jempu ɣo,kuaʔa ɣo tjempu ɣo,yes,myuc-utterance
MYUC-1042.xml,MYUC-1042.wav,,421.390,422.795,sáchóón tsi tí ra takuà,sátʃṹṹ tsi t̪í ra t̪awà,satʃũũ tsi t̪i ra t̪awa,sat͡ʃũũ t͡si ti ra tawa,yes,myuc-utterance
MYUC-1042.xml,MYUC-1042.wav,,422.795,423.943,tsìnù kǒ iin,tsìnũ̀ ɣǒ ĩ́ĩ́,tsinũ ɣo ĩĩ,t͡sinũ ɣo ĩĩ,yes,myuc-utterance
MYUC-1042.xml,MYUC-1042.wav,,424.019,424.689,iin,ĩ́ĩ́,ĩĩ,ĩĩ,yes,myuc-utterance
MYUC-1042.xml,MYUC-1042.wav,,424.700,425.637,kaa kó kò'ǒn,kaa ɣǒ kõ̀õ̌,kaa ɣo kõõ,kaa ɣo kõõ,yes,myuc-utterance
MYUC-1042.xml,MYUC-1042.wav,,427.570,428.944,ñàà atù,ɲàà at̪ùùù,ɲaa at̪uuu,ɲaa atuuu,yes,myuc-utterance
MYUC-1042.xml,MYUC-1042.wav,,432.199,434.769,chíí nùǔ kà ra atù Sto'ò Nchúxì ná chincheé ra,tʃíí nũ̀ũ̌ k̬à ra at̪ù st̪oò ndʒúʃì ná tʃintʃɛɛ́ raaa,tʃii nũũ k̬a ra at̪u st̪oo ndʒuʃi na tʃintʃɛɛ raaa,t͡ʃii nũũ k̬a ra atu stoo nd͡ʒuʃi na t͡ʃint͡ʃɛɛ raaa,yes,myuc-utterance
MYUC-1042.xml,MYUC-1042.wav,,434.999,437.303,kúu kaa kà yù kù'ùn yù ra ratù nchíì,kúu kaa k̬à jù kũ̀ũ̀ jù ra dadù ntʃíì,kuu kaa k̬a ju kũũ ju ra dadu ntʃii,kuu kaa k̬a ju kũũ ju ra dadu nt͡ʃii,yes,myuc-utterance
MYUC-1042.xml,MYUC-1042.wav,,437.306,438.399,iin nchíì kue nà,ĩ́ĩ́ ntʃíì wɛ nà,ĩĩ ntʃii wɛ na,ĩĩ nt͡ʃii wɛ na,yes,myuc-utterance
MYUC-1042.xml,MYUC-1042.wav,,438.405,439.994,kútoò kutù'va,kút̪oò kut̪ùβa,kut̪oo kut̪uβa,kutoo kutuβa,yes,myuc-utterance
MYUC-1042.xml,MYUC-1042.wav,,440.228,441.128,kùnì,kúnîìì,kuniii,kuniii,yes,myuc-utterance
MYUC-1042.xml,MYUC-1042.wav,,441.136,442.088,kutù'va ra,kut̪ùβa ra,kut̪uβa ra,kutuβa ra,yes,myuc-utterance
MYUC-1042.xml,MYUC-1042.wav,,442.092,445.629,kúu kitsi kue ní ra ná chincheé tá'ǎn ná sná'a nùǔ tsi tá'ǎn takuà,kúu kitsi wɛ ní ra ná tʃintʃɛɛ́ t̪ã́ʔã̌ ná snǎ nũ̀ũ̌ tsi t̪áʔã̌ t̪awà,kuu kitsi wɛ ni ra na tʃintʃɛɛ t̪ãʔã na sna nũũ tsi t̪aʔã t̪awa,kuu kit͡si wɛ ni ra na t͡ʃint͡ʃɛɛ tãʔã na sna nũũ t͡si taʔã tawa,yes,myuc-utterance
MYUC-1042.xml,MYUC-1042.wav,,445.848,447.151,kúu kaa kò'ǒn,kúu kaa kõ̰̀õ̰̌,kuu kaa kõ̰õ̰,kuu kaa kõ̰õ̰,yes,myuc-utterance
MYUC-1042.xml,MYUC-1042.wav,,449.723,450.224,ñàà,ɲàà,ɲaa,ɲaa,yes,myuc-utterance
MYUC-1042.xml,MYUC-1042.wav,,450.240,451.186,ratù ñàà,at̪ù ààà,at̪u aaa,atu aaa,yes,myuc-utterance
MYUC-1042.xml,MYUC-1042.wav,,451.186,452.742,ná ñà kúu,ná ɲà kúuu,na ɲa kuuu,na ɲa kuuu,yes,myuc-utterance
MYUC-1042.xml,MYUC-1042.wav,,453.240,455.166,kuítâ yù sáchúùn tsi tí ra,kuít̪â jù sátʃíṹũ̀ tsi t̪í ra,kuit̪a ju satʃiũũ tsi t̪i ra,kuita ju sat͡ʃiũũ t͡si ti ra,yes,myuc-utterance
MYUC-1042.xml,MYUC-1042.wav,,455.721,458.277,ñà tá'àn kà inì yù sáchúùn michú'ni kúu ñàà,ɲà t̪ã́ã̀ k̬à inì jù sátʃṹũ̀ mitʃúni ɣúu ɲààà,ɲa t̪ãã k̬a ini ju satʃũũ mitʃuni ɣuu ɲaaa,ɲa tãã k̬a ini ju sat͡ʃũũ mit͡ʃuni ɣuu ɲaaa,yes,myuc-utterance
MYUC-1042.xml,MYUC-1042.wav,,458.925,460.295,ñàà,ɲààà,ɲaaa,ɲaaa,yes,myuc-utterance
MYUC-1042.xml,MYUC-1042.wav,,460.619,461.530,kámpù,kámpù,kampu,kampu,yes,myuc-utterance
MYUC-1042.xml,MYUC-1042.wav,,461.601,462.653,ñà sáchúùn,ɲà sátʃṹũ̀n,ɲa satʃũũn,ɲa sat͡ʃũũn,yes,myuc-utterance
MYUC-1042.xml,MYUC-1042.wav,,463.073,466.507,kakì yù tìnanǎ ñà ka kúu ñà tá'àn inì yù teèn ñùñǔ ka ra mikǐ,kakì jù t̪ìnanǎ ɲà ɣ wã̂ kúu ɲà t̪ã́ã̀ inì jù t̪ɛɛ̃̀ ɲũ̀ɲũ̌ ɣa ra mikǐ,kaki ju t̪inana ɲa ɣ wã kuu ɲa t̪ãã ini ju t̪ɛɛ̃ ɲũɲũ ɣa ra miki,kaki ju tinana ɲa ɣ wã kuu ɲa tãã ini ju tɛɛ̃ ɲũɲũ ɣa ra miki,yes,myuc-utterance
MYUC-1042.xml,MYUC-1042.wav,,466.692,468.095,kúu nàâ inì yù tsi tí,kúu nàâ inì jù tsi t̪í,kuu naa ini ju tsi t̪i,kuu naa ini ju t͡si ti,yes,myuc-utterance
MYUC-1042.xml,MYUC-1042.wav,,469.444,471.547,ñàà michú'ni ra ñùñǔ luu ra kán ,ɲàà mitʃúʔni ra ɲũ̀ɲũ̌ luu ra kan,ɲaa mitʃuʔni ra ɲũɲũ luu ra kan,ɲaa mit͡ʃuʔni ra ɲũɲũ luu ra kan,yes,myuc-utterance
MYUC-1042.xml,MYUC-1042.wav,,471.547,473.977,kántú'ú tí nùǔ ñu'ú má yù kántú'ú tí ra,kánt̪úú t̪í nũ̀ũ̌ ɲũɲṹ má jù kánt̪ú t̪í ra,kant̪uu t̪i nũũ ɲũɲũ ma ju kant̪u t̪i ra,kantuu ti nũũ ɲũɲũ ma ju kantu ti ra,yes,myuc-utterance
MYUC-1042.xml,MYUC-1042.wav,,474.321,475.214,ñàà,ɲààà,ɲaaa,ɲaaa,yes,myuc-utterance
MYUC-1042.xml,MYUC-1042.wav,,476.276,476.651,cha,tʃa,tʃa,t͡ʃa,no,myuc-utterance
MYUC-1042.xml,MYUC-1042.wav,,476.662,479.425,ñùñǔ luu ka ra tsíní ñú'u kúku'mí kó tí iin ñàà,ɲũ̀ɲũ̌ lu k̬a ra tsí ɲúɲu kúkumí ɣó t̪í ĩ́ĩ́ ɲààà,ɲũɲũ lu k̬a ra tsi ɲuɲu kukumi ɣo t̪i ĩĩ ɲaaa,ɲũɲũ lu k̬a ra t͡si ɲuɲu kukumi ɣo ti ĩĩ ɲaaa,yes,myuc-utterance
MYUC-1042.xml,MYUC-1042.wav,,479.947,481.276,tsàà tsíka luu nùǔ ínkáà,tsà tsíka lu nũ̀ ĩ́ŋkáà,tsa tsika lu nũ ĩŋkaa,t͡sa t͡sika lu nũ ĩŋkaa,yes,myuc-utterance
MYUC-1042.xml,MYUC-1042.wav,,481.288,483.784,ichǐ á nùǔ íin ve'e nà á,itʃǐ ááá nnnũ̀ ĩ́ vɛʔɛ nà ʔááá,itʃi aaa nnnũ ĩ vɛʔɛ na ʔaaa,it͡ʃi aaa nnnũ ĩ vɛʔɛ na ʔaaa,yes,myuc-utterance
MYUC-1042.xml,MYUC-1042.wav,,483.891,484.695,ñàà,ɲààà,ɲaaa,ɲaaa,yes,myuc-utterance
MYUC-1042.xml,MYUC-1042.wav,,485.280,488.640,ra tsàà tsíka luu tsíní ñú'u kuíin tí ra tsà'ǎ ñà ka kúu ñà nchàà yukǔ kú'mî tǐ,ra tsà tsíka lu tsíɲú ɲú kwĩ́ĩ t̪í ra tsǎ ɲàwã́ã ntʃàà jukǔ kúmî t̪ǐ,ra tsa tsika lu tsiɲu ɲu kwĩĩ t̪i ra tsa ɲawãã ntʃaa juku kumi t̪i,ra t͡sa t͡sika lu t͡siɲu ɲu kwĩĩ ti ra t͡sa ɲawãã nt͡ʃaa juku kumi ti,yes,myuc-utterance
MYUC-1042.xml,MYUC-1042.wav,,488.640,491.373,michú'ni ntóyo ùvì tǐ yachi nùǔ yéè yù teèn,mitʃúni ndójo ùvì t̪ǐ jatʃi nũ̀ jɛ́ɛ̀ jù dɛɛ̀,mitʃuni ndojo uvi t̪i jatʃi nũ jɛɛ ju dɛɛ,mit͡ʃuni ndojo uvi ti jat͡ʃi nũ jɛɛ ju dɛɛ,yes,myuc-utterance
MYUC-1042.xml,MYUC-1042.wav,,491.743,493.703,tsàà yachi kú skǎntà yù tǐ kù'ùn tǐ rì,tsà jatʃi kú skǎndà jù t̪ǐ kùʔũ̀ t̪ǐ rì,tsa jatʃi ku skanda ju t̪i kuʔũ t̪i ri,t͡sa jat͡ʃi ku skanda ju ti kuʔũ ti ri,yes,myuc-utterance
MYUC-1042.xml,MYUC-1042.wav,,494.979,494.936,ñàà,ɲàà,ɲaa,ɲaa,yes,myuc-utterance
MYUC-1042.xml,MYUC-1042.wav,,495.433,498.347,tsíní ñú'u kántú'ú tí nùǔ nùǔ tsíka luu nùǔ yéè nà,tsí ɲũ̀ɲũ̂ kánt̪ú t̪í nũ̀ũ̌ nũ̀ũ̌ tsíka lu nũ̀ũ̌ jɛ́ɛ̀ nà,tsi ɲũɲũ kant̪u t̪i nũũ nũũ tsika lu nũũ jɛɛ na,t͡si ɲũɲũ kantu ti nũũ nũũ t͡sika lu nũũ jɛɛ na,yes,myuc-utterance
MYUC-1042.xml,MYUC-1042.wav,,498.355,499.481,tsi ichǐ,tsi itʃǐ,tsi itʃi,t͡si it͡ʃi,yes,myuc-utterance
MYUC-1042.xml,MYUC-1042.wav,,501.084,503.899,ñàà ñùñǔ luu ka ra ñà tá'àn inì à kúu ñàà,ɲàà ɲũ̀ɲũ̌ lu k̬a ra ɲà t̪ã́ã̀ ĩ ɲà kúu ɲàà,ɲaa ɲũɲũ lu k̬a ra ɲa t̪ãã ĩ ɲa kuu ɲaa,ɲaa ɲũɲũ lu k̬a ra ɲa tãã ĩ ɲa kuu ɲaa,yes,myuc-utterance
MYUC-1042.xml,MYUC-1042.wav,,505.596,506.059,ntuv ,nt̪uβ,nt̪uβ,ntuβ,no,myuc-utterance
MYUC-1042.xml,MYUC-1042.wav,,506.059,507.059,ntuvà,nduvààà,nduvaaa,nduvaaa,yes,myuc-utterance
MYUC-1042.xml,MYUC-1042.wav,,508.858,508.824,ntuvà kúu ñà tá'àn nchuà'a inì tǐ,nt̪uvà kúu ɲà t̪ã́ã̀ ndʒà̰ inì dǐ,nt̪uva kuu ɲa t̪ãã ndʒa̰ ini di,ntuva kuu ɲa tãã nd͡ʒa̰ ini di,yes,myuc-utterance
MYUC-1042.xml,MYUC-1042.wav,,509.194,512.056,tsi ñàà mastántsià ka tsi ñà kúu,tsi ɲàà mast̪ã́nsià k̬a,tsi ɲaa mast̪ãnsia k̬a,t͡si ɲaa mastãnsia k̬a,yes,myuc-utterance
MYUC-1042.xml,MYUC-1042.wav,,512.800,514.560,ñàà tùtǎvì ka,ɲàà t̪ùt̪ǎvì k̬a,ɲaa t̪ut̪avi k̬a,ɲaa tutavi k̬a,yes,myuc-utterance
MYUC-1042.xml,MYUC-1042.wav,,514.721,517.236,yòǒ michú'ni ra tiémpù michú'ni ra ñà ka kúu ñà,jòǒ mitʃúni ra t̪iɛ́mpù mitʃúni ra ɲà wã́ã,joo mitʃuni ra t̪iɛmpu mitʃuni ra ɲa wãã,joo mit͡ʃuni ra tiɛmpu mit͡ʃuni ra ɲa wãã,yes,myuc-utterance
MYUC-1042.xml,MYUC-1042.wav,,517.244,519.792,sa ... ñà ka kúu ñà tsátsí tí michú'ni tiémpù michú'ni,nsaa ɲà wã́ã tsátsí t̪í mitʃúni t̪jɛ̃́mù mitʃúni,nsaa ɲa wãã tsatsi t̪i mitʃuni t̪jɛ̃mu mitʃuni,nsaa ɲa wãã t͡sat͡si ti mit͡ʃuni tjɛ̃mu mit͡ʃuni,yes,myuc-utterance
MYUC-1042.xml,MYUC-1042.wav,,519.936,520.720,cha,tʃaa,tʃaa,t͡ʃaa,no,myuc-utterance
MYUC-1042.xml,MYUC-1042.wav,,520.736,523.764,tiémpù ñà yéè ità ra tsàà yachi meé soo ità kuàân luu,t̪jɛ̃́mpù ã̀ jɛ́ɛ̀ it̪à ra tsà tʃi mɛɛ́ zo it̪à kwàã̂ luu,t̪jɛ̃mpu ã jɛɛ it̪a ra tsa tʃi mɛɛ zo it̪a kwaã luu,tjɛ̃mpu ã jɛɛ ita ra t͡sa t͡ʃi mɛɛ zo ita kwaã luu,yes,myuc-utterance
MYUC-1042.xml,MYUC-1042.wav,,524.056,525.620,tsàà meé soo ñà ka kúu ñà,tsàà nnn mɛɛ́ soo ɲà k̬a wã́ã,tsaa nnn mɛɛ soo ɲa k̬a wãã,t͡saa nnn mɛɛ soo ɲa k̬a wãã,yes,myuc-utterance
MYUC-1042.xml,MYUC-1042.wav,,527.368,527.748,cha,tʃa,tʃa,t͡ʃa,no,myuc-utterance
MYUC-1042.xml,MYUC-1042.wav,,527.996,529.813,michú'ni ra tsàà yachi meé soo ñàà,mitʃúʔni ra tsə̰̀ itʃi mɛɛ́ soo ɲàà,mitʃuʔni ra tsə̰ itʃi mɛɛ soo ɲaa,mit͡ʃuʔni ra t͡sə̰ it͡ʃi mɛɛ soo ɲaa,yes,myuc-utterance
MYUC-1042.xml,MYUC-1042.wav,,529.914,532.658,yutǔ ná'nu kúu ñà nána tí,jut̪ǔ náʔnũ wã́ã nána t̪í,jut̪u naʔnũ wãã nana t̪i,jutu naʔnũ wãã nana ti,yes,myuc-utterance
MYUC-1042.xml,MYUC-1042.wav,,533.764,534.584,ñàà,ɲààà,ɲaaa,ɲaaa,yes,myuc-utterance
MYUC-1042.xml,MYUC-1042.wav,,534.616,538.240,tsà'ǎ ñà ka ñùñǔ luu ka ra kuě kúu kantú'ú yachi tí tsà'ǎ ñàà,tsàʔǎ ɲà ka ɲũ̀ɲũ̌ lu k̬a ra kwɛ̌ kúu kandú jatʃi t̪í tsàʔǎ ɲàà,tsaʔa ɲa ka ɲũɲũ lu k̬a ra kwɛ kuu kandu jatʃi t̪i tsaʔa ɲaa,t͡saʔa ɲa ka ɲũɲũ lu k̬a ra kwɛ kuu kandu jat͡ʃi ti t͡saʔa ɲaa,yes,myuc-utterance
MYUC-1042.xml,MYUC-1042.wav,,538.244,539.856,tsà'ǎ kue kitǐ luu,tsàǎ wɛ kit̪ǐ lu,tsaa wɛ kit̪i lu,t͡saa wɛ kiti lu,yes,myuc-utterance
MYUC-1042.xml,MYUC-1042.wav,,539.864,541.204,tsà'ǎ kue nivǐ,tsàǎ wɛ nivǐ,tsaa wɛ nivi,t͡saa wɛ nivi,yes,myuc-utterance
MYUC-1042.xml,MYUC-1042.wav,,543.211,543.288,tsà'ǎ ñà ka kúu ñà,tsàǎ ɲà wã́ã,tsaa ɲa wãã,t͡saa ɲa wãã,yes,myuc-utterance
MYUC-1042.xml,MYUC-1042.wav,,543.292,545.940,kuě kúu kantú'ú yachi tí tsíní ñú'u soo ñàà,kwɛ̌ kúu kandú jatʃi t̪í tsí ɲṹʔũ zo ɲàà,kwɛ kuu kandu jatʃi t̪i tsi ɲũʔũ zo ɲaa,kwɛ kuu kandu jat͡ʃi ti t͡si ɲũʔũ zo ɲaa,yes,myuc-utterance
MYUC-1042.xml,MYUC-1042.wav,,545.940,547.160,kantú'ú tsíka tí,kandú tsíka dí,kandu tsika di,kandu t͡sika di,yes,myuc-utterance
MYUC-1042.xml,MYUC-1042.wav,,547.212,549.988,cha iinkàâ tuku kuàâ kúu ñà tsíní ñú'u soo koo chìkuiî tǐ,tʃa ĩ́ŋk̬àâ duk̬u kuàâ wã́ã tsí ɲṹʔũ so koo tʃìkwiî dǐ,tʃa ĩŋk̬aa duk̬u kuaa wãã tsi ɲũʔũ so koo tʃikwii di,t͡ʃa ĩŋk̬aa duk̬u kuaa wãã t͡si ɲũʔũ so koo t͡ʃikwii di,yes,myuc-utterance
MYUC-1042.xml,MYUC-1042.wav,,550.004,552.788,tsíní ñú'u soo koo tí iin nùǔ yéè chìkuiî,tsí ɲṹʔũ soo koo t̪í ḭ̃́ḭ̃́ nũ̀ũ̌ jɛ́ɛ̀ tʃìkwiî,tsi ɲũʔũ soo koo t̪i ḭ̃ḭ̃ nũũ jɛɛ tʃikwii,t͡si ɲũʔũ soo koo ti ḭ̃ḭ̃ nũũ jɛɛ t͡ʃikwii,yes,myuc-utterance
MYUC-1042.xml,MYUC-1042.wav,,553.092,554.884,tsí ñàà,tsí ɲààà,tsi ɲaaa,t͡si ɲaaa,yes,myuc-utterance
MYUC-1042.xml,MYUC-1042.wav,,555.648,556.972,tsíní ñú'u soo,tsíɲṹ ɲṹʔũ soo,tsiɲũ ɲũʔũ soo,t͡siɲũ ɲũʔũ soo,yes,myuc-utterance
MYUC-1042.xml,MYUC-1042.wav,,556.984,557.664,ñàà,ɲàà,ɲaa,ɲaa,yes,myuc-utterance
MYUC-1042.xml,MYUC-1042.wav,,557.670,559.822,koo koo iin nùǔ súkù,kooo koo ĩ́ĩ́ nũ̀ũ̌ súkù,kooo koo ĩĩ nũũ suku,kooo koo ĩĩ nũũ suku,yes,myuc-utterance
MYUC-1042.xml,MYUC-1042.wav,,559.956,561.136,koo iin nùǔ súkù luu,koo ĩ́ĩ́ nũ̀ũ̌ súkù luu,koo ĩĩ nũũ suku luu,koo ĩĩ nũũ suku luu,yes,myuc-utterance
MYUC-1042.xml,MYUC-1042.wav,,561.140,561.780,kúu ntoyo tí,kúu nt̪ojo dí,kuu nt̪ojo di,kuu ntojo di,yes,myuc-utterance
MYUC-1042.xml,MYUC-1042.wav,,561.792,563.088,cha tsíní ñú'u soo kani và'a,tʃa tsíɲṹ ɲṹʔũ soo kani βàʔa,tʃa tsiɲũ ɲũʔũ soo kani βaʔa,t͡ʃa t͡siɲũ ɲũʔũ soo kani βaʔa,yes,myuc-utterance
MYUC-1042.xml,MYUC-1042.wav,,563.092,565.972,nìkànchiǐ nùǔ ntóyo tí tavà kuà'a tí ntǔxì tatù,nìkàndʒiǐ nũ̀ ndójo t̪í t̪awà kuà t̪í ndǔʃì at̪ù,nikandʒii nũ ndojo t̪i t̪awa kua t̪i nduʃi at̪u,nikand͡ʒii nũ ndojo ti tawa kua ti nduʃi atu,yes,myuc-utterance
MYUC-1042.xml,MYUC-1042.wav,,566.140,567.752,ná kúu ntoyo tí katǐ ra,ná kúu nt̪ojo t̪í kat̪ǐ raaa,na kuu nt̪ojo t̪i kat̪i raaa,na kuu ntojo ti kati raaa,yes,myuc-utterance
MYUC-1042.xml,MYUC-1042.wav,,567.764,568.656,ñàà,ɲààà,ɲaaa,ɲaaa,yes,myuc-utterance
MYUC-1042.xml,MYUC-1042.wav,,569.764,572.136,kúu kú'ntú tí ra tsàà yachi vǎsa tsá'a tí ntǔxì,kúu kúndú t̪í ra tsà jatʃi βǎsa tsáa t̪í ndǔʃì,kuu kundu t̪i ra tsa jatʃi βasa tsaa t̪i nduʃi,kuu kundu ti ra t͡sa jat͡ʃi βasa t͡saa ti nduʃi,yes,myuc-utterance
MYUC-1042.xml,MYUC-1042.wav,,577.912,578.784,ñàà,ɲààà,ɲaaa,ɲaaa,yes,myuc-utterance
MYUC-1042.xml,MYUC-1042.wav,,583.808,585.020,ñàà kúu,ɲàà kúuu,ɲaa kuuu,ɲaa kuuu,yes,myuc-utterance
MYUC-1042.xml,MYUC-1042.wav,,585.824,587.364,ñà kúkúu ñàà,ɲà kúkúu ɲààà,ɲa kukuu ɲaaa,ɲa kukuu ɲaaa,yes,myuc-utterance
MYUC-1042.xml,MYUC-1042.wav,,587.576,591.452,yéè kúu ñà tsíní ñú'u kúntoyo tsíka tí rì ñàà,jɛ́ɛ̀ wã́ã tsíɲṹ ɲṹʔũ kṹnt̪ojo tsíka t̪í rì ɲàà,jɛɛ wãã tsiɲũ ɲũʔũ kũnt̪ojo tsika t̪i ri ɲaa,jɛɛ wãã t͡siɲũ ɲũʔũ kũntojo t͡sika ti ri ɲaa,yes,myuc-utterance
MYUC-1042.xml,MYUC-1042.wav,,592.100,593.540,tsà'ǎ ñà ka túu ñá tí,tsǎ ɲà t̪úu ɲá t̪í,tsa ɲa t̪uu ɲa t̪i,t͡sa ɲa tuu ɲa ti,yes,myuc-utterance
MYUC-1042.xml,MYUC-1042.wav,,593.570,594.966,cha tsà'ǎ ñà ka kúu ñà,tʃə tsǎ ɲà wã́ã,tʃə tsa ɲa wãã,t͡ʃə t͡sa ɲa wãã,yes,myuc-utterance
MYUC-1042.xml,MYUC-1042.wav,,595.220,597.868,nkǔu kuntoyo yachi tí ra tatù nchíì kue ní,kǔu kunt̪ojo jatʃi t̪í ra t̪at̪ù ndʒíì wɛ ní,kuu kunt̪ojo jatʃi t̪i ra t̪at̪u ndʒii wɛ ni,kuu kuntojo jat͡ʃi ti ra tatu nd͡ʒii wɛ ni,yes,myuc-utterance
MYUC-1042.xml,MYUC-1042.wav,,597.868,600.300,kúnì kúu ku'mí tí ra tsíní ñú'u soo,kúnì kúu kumí t̪í ra tsíɲṹ ɲṹʔũ so,kuni kuu kumi t̪i ra tsiɲũ ɲũʔũ so,kuni kuu kumi ti ra t͡siɲũ ɲũʔũ so,yes,myuc-utterance
MYUC-1042.xml,MYUC-1042.wav,,600.404,602.248,koo iin ñà kúu ntasì nùǔ kue ní,koo ĩ́ĩ́ ɲà kúu nt̪asì nũ̀ũ̌ wɛ ní,koo ĩĩ ɲa kuu nt̪asi nũũ wɛ ni,koo ĩĩ ɲa kuu ntasi nũũ wɛ ni,yes,myuc-utterance
MYUC-1042.xml,MYUC-1042.wav,,602.248,605.324,koo iin ñà kúu ntasì nta'á kue ní tavà mà kǔu tuu tí rì,koo ĩ́ĩ́ ɲà kúu ndasì ndaʔá wɛ ní t̪aβà mà t̪uu t̪í rì,koo ĩĩ ɲa kuu ndasi ndaʔa wɛ ni t̪aβa ma t̪uu t̪i ri,koo ĩĩ ɲa kuu ndasi ndaʔa wɛ ni taβa ma tuu ti ri,yes,myuc-utterance
MYUC-1042.xml,MYUC-1042.wav,,606.364,608.801,yée nùǔ ra ntúnche'e tí tatù ná mà kǔtù'va kó,jɛ́ɛ nũ̀ũ̌ ra ndúntʃɛʔɛ t̪í t̪at̪ù ná mà kǔt̪ùβa ɣó,jɛɛ nũũ ra nduntʃɛʔɛ t̪i t̪at̪u na ma kut̪uβa ɣo,jɛɛ nũũ ra ndunt͡ʃɛʔɛ ti tatu na ma kutuβa ɣo,yes,myuc-utterance
MYUC-1042.xml,MYUC-1042.wav,,608.817,610.562,ke'e kó tí ra ntúnche'e tí ra kúu,kɛ ɣó t̪í ra núntʃɛʔɛ dí ra kúu,kɛ ɣo t̪i ra nuntʃɛʔɛ di ra kuu,kɛ ɣo ti ra nunt͡ʃɛʔɛ di ra kuu,yes,myuc-utterance
MYUC-1042.xml,MYUC-1042.wav,,610.641,612.089,kúu tuu... tuu tí ra,t̪uui t̪uu t̪í ra,t̪uui t̪uu t̪i ra,tuui tuu ti ra,yes,myuc-utterance
MYUC-1042.xml,MYUC-1042.wav,,612.357,613.366,ka'ní tí yóó,kaní t̪í jó,kani t̪i jo,kani ti jo,yes,myuc-utterance
